<?xml version="1.0" encoding="UTF-8"?>
<sql-script>
  <version>1.0.0</version>
  <name>news script</name>
  <tran-sql>
    <description></description>
    <![CDATA[
      create table simple_news (
        id bigint not null,
        catalogid bigint not null,
        viewtemplate varchar(2),
        topic varchar(128) not null,
        topic2 varchar(128),
        content text,
        keywords varchar(128),
        author varchar(32),
        source varchar(32),
        expireddate date,
        views bigint not null,
        remarks int not null,
        attentions int not null,
        allowcomments bit not null,
        description varchar(256),
        createdate datetime not null,
        userid bigint,
        lastupdate datetime,
        lastuserid bigint,
        status tinyint not null,
        mark tinyint,
        ttype tinyint,
        ttop bit,
        oorder bigint not null,
        primary key(id)
      );
    ]]>
  </tran-sql>
</sql-script>
