<?xml version="1.0" encoding="UTF-8"?>
<sql-script>
  <version>1.0.0</version>
  <name>script</name>
  <description>workflow database script.</description>
  <tran-sql>
    <description></description>
    <![CDATA[
      create table simple_wf_model (
        id bigint not null,
        title varchar(128) not null,
        status tinyint not null,
        userid bigint not null,
        createdate datetime not null,
        lastuserid bigint,
        lastupdate datetime,
        primary key(id)
      );
    ]]>
  </tran-sql>
  <tran-sql>
    <description></description>
    <![CDATA[
      create table simple_wf_model_lob (
        id bigint not null,
        processschema text,
        processimage longblob,
        primary key(id)
      );
    ]]>
  </tran-sql>
  <tran-sql>
    <description></description>
    <![CDATA[
      create table simple_wf_process (
        id bigint not null,
        modelid bigint not null,
        title varchar(128) not null,
        status tinyint not null,
        userid bigint not null,
        createdate datetime not null,
        jobid bigint,
        completedate datetime,
        lastuserid bigint,
        lastupdate datetime,
        primary key(id)
      );
    ]]>
  </tran-sql>
  <tran-sql>
    <description></description>
    <![CDATA[
      create table simple_wf_process_lob (
        id bigint not null,
        processmodel text,
        primary key(id)
      );
    ]]>
  </tran-sql>
  <tran-sql>
    <description></description>
    <![CDATA[
      create table simple_wf_delegation (
        id bigint not null,
        delegationtype tinyint not null,
        delegationid bigint not null,
        status tinyint not null,
        createdate datetime not null,
        userid bigint not null,
        jobid bigint,
        runningdate datetime,
        completedate datetime,
        startrule varchar(256), 
        endrule varchar(256),   
        rulehandleclass varchar(128), 
        primary key(id)
      );
    ]]>
  </tran-sql>
</sql-script>
