<?xml version="1.0" encoding="UTF-8"?>
<sql-script>
	<version>1.0.0</version>
	<name>case</name>
	<tran-sql>
		<description>simpleos_menu_catalog</description>
		<![CDATA[
 create table simpleos_menu_catalog (
    		id bigint not null,
        parentid bigint not null default 0,
        documentid bigint not null default 0,
        name varchar(32) not null,
        text varchar(32) not null, 
        url varchar(128), 
        description text,
        createdate datetime not null,
        status tinyint not null,
        mark tinyint,
        buildIn tinyint(1),
        oorder bigint not null,
        extend1 varchar(128), 
        extend2 varchar(128),
        primary key(id),
        unique (documentid, name),
        unique (parentid, text)
      );
    ]]>
	</tran-sql>
</sql-script>
