<?xml version="1.0" encoding="UTF-8"?>
<sql-script>
	<version>1.0.0</version>
	<name>case</name>
	<tran-sql>
		<description>simpleos_keyvalue</description>
		<![CDATA[
	 create table simpleos_keyvalue (
    	id bigint not null,
        name varchar(64) not null,
    	content text not null,
        primary key(name)
      );
    ]]>
	</tran-sql>
	<tran-sql>
		<description>simpleos_nav</description>
		<![CDATA[
	 create table simpleos_nav (
    	id bigint not null,
        title varchar(64) not null,
        url varchar(128) not null,
        image varchar(64) not null,
    	oorder bigint not null,
        primary key(id)
      );
    ]]>
	</tran-sql>
	<tran-sql>
		<description>simpleos_custom</description>
		<![CDATA[
	 create table simpleos_custom (
    	id bigint not null,
        name varchar(64) not null,
        type varchar(64) not null,
        value text,
        primary key(id),
        unique (type, name)
      );
    ]]>
	</tran-sql>
	<tran-sql>
		<description>simpleos_site_links</description>
		<![CDATA[
 create table simpleos_site_links (
    		id bigint not null,
        parentid bigint not null default 0,
        documentid bigint not null default 0,
        name varchar(32) not null,
        text varchar(32) not null, 
        description varchar(256),
        createdate datetime not null,
        status tinyint not null,
        mark tinyint,
        buildIn tinyint(1),
        oorder bigint not null,
        extend1 varchar(128), 
        extend2 varchar(128),
        primary key(id),
        unique (documentid, name),
        unique (parentid, text)
      );
    ]]>
	</tran-sql>
	<tran-sql>
		<![CDATA[
		insert into simpleos_custom(id,name,type,value) values(0,'company_name','company','智汇平台系统');
    ]]>
	</tran-sql>
	<tran-sql>
		<![CDATA[
		insert into simpleos_custom(id,name,type,value) values(1,'company_desc','company','');
    ]]>
	</tran-sql>
	<tran-sql>
		<![CDATA[
		insert into simpleos_custom(id,name,type,value) values(2,'company_content','company','');
    ]]>
	</tran-sql>
	<tran-sql>
		<![CDATA[
		insert into simpleos_custom(id,name,type,value) values(10,'contact_phone','contact','18600366451');
    ]]>
	</tran-sql>
	<tran-sql>
		<![CDATA[
		insert into simpleos_custom(id,name,type,value) values(11,'contact_fax','contact','');
    ]]>
	</tran-sql>
	<tran-sql>
		<![CDATA[
		insert into simpleos_custom(id,name,type,value) values(12,'contact_email','contact','eliyanfei@126.com');
    ]]>
	</tran-sql>
	<tran-sql>
		<![CDATA[
		insert into simpleos_custom(id,name,type,value) values(20,'site_name','site','智汇平台系统');
    ]]>
	</tran-sql>
	<tran-sql>
		<![CDATA[
		insert into simpleos_custom(id,name,type,value) values(21,'site_copyright','site','2013');
    ]]>
	</tran-sql>
	<tran-sql>
		<![CDATA[
		insert into simpleos_custom(id,name,type,value) values(22,'site_keywords','site','企业，建站，企业门户，免费CMS');
    ]]>
	</tran-sql>
	<tran-sql>
		<![CDATA[
		insert into simpleos_custom(id,name,type,value) values(23,'site_desc','site','是一个免费的平台系统');
    ]]>
	</tran-sql>
	<tran-sql>
		<![CDATA[
		insert into simpleos_custom(id,name,type,value) values(24,'site_icp','site','京ICP备11045400号');
    ]]>
	</tran-sql>
</sql-script>
