<?xml version="1.0" encoding="UTF-8"?>
<page xmlns:xsi="http://www.w3.org/2001/XMLSchema-instance"
	xsi:noNamespaceSchemaLocation="http://www.simpleframework.net/xsd/default/simple.xsd">
	<importPage>
		<value>/app/upload/upload_common.xml</value>
	</importPage>
	<components>
		<syntaxHighlighter name="__topic_syntaxHighlighter">
			<jsSelectedCallback>
				$Actions.setValue('tp_content', script, true);
				return true;
      </jsSelectedCallback>
		</syntaxHighlighter>
	</components>
</page>