<?xml version="1.0" encoding="UTF-8"?>
<sql-script>
  <version>1.0.0</version>
  <name>file script</name>
  <tran-sql>
    <description></description>
    <![CDATA[
      create table simple_file (
        id bigint not null,
        catalogid bigint not null,
        topic varchar(128),
        filename varchar(80) not null,
        filetype varchar(16),
        filesize bigint not null,
        downloads bigint not null,
        md5 varchar(32),
        sha1 varchar(40),
        ip varchar(32),
        description varchar(256),
        createdate datetime not null,
        userid bigint,
        lastupdate datetime,
        lastuserid bigint,
        status tinyint not null,
        mark tinyint,
        ttype tinyint,
        ttop bit,
        oorder bigint not null,
        primary key(id)
      );
    ]]>
  </tran-sql>
  <tran-sql>
    <description></description>
    <![CDATA[
      create table simple_file_lob (
        id bigint not null,
        lob longblob,
        primary key(id)
      );
    ]]>
  </tran-sql>
</sql-script>
