<?xml version="1.0" encoding="UTF-8"?>
<page xmlns:xsi="http://www.w3.org/2001/XMLSchema-instance"
	xsi:noNamespaceSchemaLocation="/xsd/default/simple.xsd">
	<handleClass>
		net.simpleframework.web.page.component.ui.portal.PortalPageLoad
	</handleClass>
	<components>
		<ajaxRequest name="ajaxLayout"
			handleClass="net.simpleframework.web.page.component.ui.portal.PortalAction"
			handleMethod="portalRequest" disabledTriggerAction="false">
		</ajaxRequest>
		<ajaxRequest name="layoutContent" parallel="true"
			handleClass="net.simpleframework.web.page.component.ui.portal.PortalAction"
			handleMethod="contentRequest" disabledTriggerAction="false">
			<jsCompleteCallback>
        <![CDATA[
          var li = $(json['li']);
          new $Comp.AjaxRequest(li.down('.content'), 
          	json['text'], json['ajaxRequestId']);
          _lo_setPageletFontStyle(li, json['fontStyle']);  
        ]]>
      </jsCompleteCallback>
		</ajaxRequest>
	</components>
</page>