<?xml version="1.0" encoding="UTF-8"?>
<page xmlns:xsi="http://www.w3.org/2001/XMLSchema-instance"
  xsi:noNamespaceSchemaLocation="/xsd/default/simple.xsd">
  <scriptEval>single</scriptEval>
  <scriptInit>
		import net.simpleframework.web.page.component.ComponentParameter;
		import net.simpleframework.content.blog.BlogUtils;
		import net.simpleframework.content.component.newspager.INewsPagerHandle;		
		import net.simpleframework.content.component.newspager.NewsPagerUtils;
    import net.simpleframework.my.file.component.fileselect.FileSelectUtils;
    
		ComponentParameter nComponentParameter = 
        ComponentParameter.get(pageParameter, BlogUtils.applicationModule.getComponentBean(pageParameter));
		INewsPagerHandle nHandle = nComponentParameter.getComponentHandle();
	</scriptInit>
  <importPage>
    <value>blog_utils.xml</value>
    <value>${NewsPagerUtils.xmlNewsTemplate()}</value>
    <value>${FileSelectUtils.xmlDownload()}</value>
  </importPage>
  <components>
    <remark name="newsRemark" containerId="idNewsRemark"
      handleClass="${nHandle.getRemarkHandleClass(nComponentParameter)}" />
  </components>
</page>