<?xml version="1.0" encoding="UTF-8"?>
<page xmlns:xsi="http://www.w3.org/2001/XMLSchema-instance"
  xsi:noNamespaceSchemaLocation="/xsd/default/simple.xsd">
  <components>
    <propEditor name="blogOptionEditor" containerId="blogOptionEditor">
      <field label="#(blog_layout_option.0)">
        <component type="select" name="_blog_type"
          defaultValue="#(blog_layout_option.1)" />
      </field>
      <field label="#(layout_option.1)">
        <component type="select" name="_blog_order"
          defaultValue="#(layout_option.2)" />
      </field>
      <field label="#(layout_option.3)">
        <component type="select" name="_blog_time"
          defaultValue="#(layout_option.4)" />
      </field>
      <field label="#(layout_option.0)">
        <component type="text" name="_blog_rows" />
      </field>
      <field label="#(layout_option.5)">
        <component type="text" name="_blog_dateFormat" />
        <component type="div" defaultValue="#(layout_option.6)" />
      </field>
      <field label="#(layout_option.7)">
        <component type="text" name="_blog_descLength" />
        <component type="div" defaultValue="#(layout_option.8)" />
      </field>
    </propEditor>
  </components>
</page>