<?xml version="1.0" encoding="UTF-8"?>
<sql-script>
	<version>1.0.0</version>
	<name>topic script</name>
	<tran-sql>
		<description></description>
    <![CDATA[
      create table simple_topic (
        id bigint not null,
        catalogid bigint not null,
        topic varchar(128) not null,
        keywords varchar(128),
        lastpostid bigint,
        views bigint not null,
        replies int not null,
        attentions int not null,
        star tinyint not null,
        createdate datetime not null,
        userid bigint,
        lastupdate datetime,
        lastuserid bigint,
        lastpostupdate datetime,
        status tinyint not null,
        mark tinyint,
        ttype tinyint,
        ttop bit,
        oorder bigint not null, 
        primary key(id)
      );
    ]]>
	</tran-sql>
	<tran-sql>
    <![CDATA[
    	create table simple_posts (
    		id bigint not null,
    		topicid bigint not null,
    		firstpost bit not null,
        ip varchar(32),
       	createdate datetime not null,
       	userid bigint,
       	quoteid bigint,
       	lastupdate datetime,
       	lastuserid bigint,
        status tinyint not null,
        oorder bigint not null,
    		primary key(id)
    	);
    ]]>
	</tran-sql>
	<tran-sql>
    <![CDATA[
    	create table simple_posts_text (
    		id bigint not null,
    		subject varchar(128),
    		content text not null,
    		primary key(id)
    	);
    ]]>
	</tran-sql>
</sql-script>
