<?xml version="1.0" encoding="UTF-8"?>
<page xmlns:xsi="http://www.w3.org/2001/XMLSchema-instance"
  xsi:noNamespaceSchemaLocation="/xsd/default/simple.xsd">
  <scriptEval>single</scriptEval>
  <importPage>
    <value>__userutils.xml</value>
  </importPage>
  <handleClass>
		net.simpleframework.web.page.component.ui.pager.PagerPageLoad
	</handleClass>

  <components>
    <menu name="userPager_Menu" menuEvent="click"
      handleClass="net.simpleframework.web.page.component.ui.pager.TablePagerMenu">
    </menu>
    <menu name="userPager_Menu2" menuEvent="click" minWidth="140"
      handleClass="net.simpleframework.web.page.component.ui.pager.TablePagerMenu2">
    </menu>

    <ajaxRequest name="userPagerDelete"
      handleClass="net.simpleframework.organization.component.userpager.UserPagerAction"
      handleMethod="delete" confirmMessage="#(up_pager.4)">
      <jsCompleteCallback>
				$eval(json["jsCallback"]);
      </jsCompleteCallback>
    </ajaxRequest>

    <ajaxRequest name="userPagerUnDelete"
      handleClass="net.simpleframework.organization.component.userpager.UserPagerAction"
      handleMethod="undelete" confirmMessage="#(up_pager.8)">
      <jsCompleteCallback>
				$eval(json["jsCallback"]);
      </jsCompleteCallback>
    </ajaxRequest>

    <ajaxRequest name="userPagerMove"
      handleClass="net.simpleframework.organization.component.userpager.UserPagerAction"
      handleMethod="exchange">
      <jsCompleteCallback>
				$eval(json["jsCallback"]);
			</jsCompleteCallback>
    </ajaxRequest>

    <ajaxRequest name="ajaxAddUserPage"
      handleClass="net.simpleframework.organization.component.userpager.UserPagerAction"
      handleMethod="addUrl" />
    <window name="addUserWindow" contentRef="ajaxAddUserPage"
      width="320" height="380" title="#(up_pager.3)">
    </window>

    <deptSelect name="move2DeptWindow" title="#(up_pager.0)"
      clearAction="false"
      handleClass="net.simpleframework.organization.component.userpager.UserMove2Dept">
      <jsSelectCallback>
				return $Actions['move2DeptWindow']._move2dept_callback(selects);
      </jsSelectCallback>
    </deptSelect>

    <ajaxRequest name="ajaxMove2Dept"
      handleClass="net.simpleframework.organization.component.userpager.UserPagerAction"
      handleMethod="move2Dept">
      <jsCompleteCallback>
				$eval(json["jsCallback"]);
			</jsCompleteCallback>
    </ajaxRequest>

    <ajaxRequest name="ajaxUserSentMailPage"
      handleClass="net.simpleframework.organization.component.userpager.UserPagerAction"
      handleMethod="sentMailUrl">
    </ajaxRequest>
    <window name="userSentMailWindow" contentRef="ajaxUserSentMailPage"
      title="#(UserPager.menu.1)" width="640" height="480">
    </window>
  </components>
</page>