<?xml version="1.0" encoding="UTF-8"?>
<page xmlns:xsi="http://www.w3.org/2001/XMLSchema-instance"
	xsi:noNamespaceSchemaLocation="/xsd/default/simple.xsd">
	<scriptEval>single</scriptEval>
	<scriptInit>
    <![CDATA[
      import net.simpleframework.web.page.component.ComponentParameter;
      import net.simpleframework.organization.component.register.UserRegisterUtils;
     
      ComponentParameter nComponentParameter = UserRegisterUtils.getComponentParameter(pageParameter);
    ]]>
  </scriptInit>
	<jobView>${net.simpleframework.organization.IJob.sj_anonymous}</jobView>

	<components>
		<pwdstrength name="pwdStrength" containerId="pwd_strength" runImmediately="false"
			pwdInput="user_password" />

		<validateCode name="registValidateCode" containerId="regist_validateCode"
			textName="textRegistValidateCode" runImmediately="false" />

		<propEditor name="_registForm_0" containerId="_registForm_0" title="#(regist.1)">
			<jsLoadedCallback>$Actions['pwdStrength']();</jsLoadedCallback>
			<field label="#(regist.2)" labelStyle="width:110px;">
				<component type="text" name="user_account" />
				<component type="button" defaultValue="#(regist.3)" style="margin: 2px;">
					<event name="click">
            <![CDATA[
              $Actions['ajaxAccountChecked']('user_account=' + $F('user_account'));
            ]]>
					</event>
				</component>
			</field>
			<field label="#(regist.4)">
				<component type="password" name="user_password" />
				<component type="div" name="pwd_strength" />
			</field>
			<field label="#(regist.5)">
				<component type="password" name="user_password2" />
			</field>
		</propEditor>

		<propEditor name="_registForm_1" containerId="_registForm_1" title="#(regist.6)">
			<field label="#(regist.7)" labelStyle="width:110px;">
				<component type="text" name="user_text" />
			</field>
			<field label="#(regist.10)">
				<component type="text" name="user_email" />
			</field>
			<field label="#(regist.11)">
				<component type="text" name="user_mobile" />
			</field>
			<field label="#(regist.8)">
				<component type="select" name="user_sex" defaultValue="#(regist.14)" />
			</field>
			<field label="#(regist.9)">
				<component type="textButton" name="user_birthday">
					<event name="click">$Actions['birthdayCal'].show();</event>
				</component>
			</field>
		</propEditor>

		<propEditor name="_registForm_2" containerId="_registForm_2">
			<jsLoadedCallback>$Actions['registValidateCode']();</jsLoadedCallback>
			<field label="#(regist.13)" labelStyle="width:110px;">
				<component type="div" name="regist_validateCode" />
			</field>
		</propEditor>

		<calendar name="birthdayCal" inputField="user_birthday" dateFormat="yyyy-MM-dd">
		</calendar>

		<validation name="registValidation" triggerSelector="#_buttonRegistAccount"
			warnType="insertAfter">
			<validator selector="#user_account, #user_text, #user_email, #textRegistValidateCode"
				method="required" />
			<validator selector="#user_account" method="min_length" args="4"></validator>
			<validator selector="#user_text" method="min_length" args="2"></validator>
			<validator selector="#user_password2" method="equals" args="user_password" />
			<validator selector="#user_email" method="email" />
			<validator selector="#user_mobile" method="mobile_phone" />
			<validator selector="#user_birthday" method="date" args="yyyy-MM-dd" />
		</validation>

		<ajaxRequest name="ajaxRegistAccount" handleMethod="regist"
			handleClass="net.simpleframework.organization.component.register.UserRegisterAction"
			selector="#_registForm" confirmMessage="#(Confirm.Post)"
			jobExecute="${net.simpleframework.organization.IJob.sj_anonymous}">
			<jsCompleteCallback>_registCallback(json);</jsCompleteCallback>
		</ajaxRequest>

		<ajaxRequest name="ajaxAccountChecked"
			handleClass="net.simpleframework.organization.component.register.UserRegisterAction"
			handleMethod="checked" selector="#_registForm"
			jobExecute="${net.simpleframework.organization.IJob.sj_anonymous}">
			<jsCompleteCallback>
        <![CDATA[
          if (json["result"]) 
            Validation.insertAfter("user_account", json["result"]);
        ]]>
      </jsCompleteCallback>
		</ajaxRequest>

		<ajaxRequest name="ajaxTerms" jobExecute="${net.simpleframework.organization.IJob.sj_anonymous}">
			<urlForward>${nComponentParameter.getBeanProperty("termsUrl")}</urlForward>
		</ajaxRequest>
		<window name="termsWindow" contentRef="ajaxTerms" width="400" height="540"
			title="#(regist.12)">
		</window>
	</components>
</page>