<?xml version="1.0" encoding="UTF-8"?>
<page xmlns:xsi="http://www.w3.org/2001/XMLSchema-instance"
	xsi:noNamespaceSchemaLocation="http://www.simpleframework.net/xsd/default/simple.xsd">
	<scriptEval>single</scriptEval>
	<importPage>
		<value>/app/os/os_bar.xml</value>
	</importPage>
	<components>
		<pager name="projectListPaperAct" containerId="projectListId"
			pageItems="15" showEditPageItems="false" includeRequestData="p"
			dataPath="space_os_data.jsp" handleClass="net.itsite.os.OSPaper">
			<jsLoadedCallback>
				<![CDATA[
					var os2 = $Actions["osBodyMenu"]; 
					if (os2)
						os2.bindEvent(".os2");
				]]>
			</jsLoadedCallback>
		</pager>
		<menu name="osBodyMenu" menuEvent="click">
			<menuitem title="修改" icon="#edit">
				<jsSelectCallback>
				<![CDATA[
					var projectId = PagerUtil.rowId(item);
					$Actions['osAddWindowAct']('projectId='+projectId);
				]]>
			</jsSelectCallback>
			</menuitem>
			<menuitem title="-"></menuitem>
			<menuitem title="删除" icon="#delete">
				<jsSelectCallback>
				<![CDATA[
					var projectId = PagerUtil.rowId(item);
					$Actions['osDeleteAct']('projectId='+projectId);
				]]>
			</jsSelectCallback>
			</menuitem>
		</menu>
		<ajaxRequest name="osAttrAjaxAct" includeRequestData="p">
			<urlForward>/app/os/os_attr.jsp</urlForward>
		</ajaxRequest>
		<window name="osAttrWindowAct" contentRef="osAttrAjaxAct"
			height="300" width="400" title="高级属性"></window>
		<ajaxRequest name="osDeleteAct" handleClass="net.itsite.os.OSPagerAction"
			confirmMessage="#(it_delete_ack)" handleMethod="osDelete">
			<jsCompleteCallback>
				<![CDATA[
					if(json['act']){
						alert(json['act']);
					}else{
						$Actions['projectListPaperAct'].refresh();
					}
				]]>
			</jsCompleteCallback>
		</ajaxRequest>
	</components>
</page>