<?xml version="1.0" encoding="UTF-8"?>
<page xmlns:xsi="http://www.w3.org/2001/XMLSchema-instance"
	xsi:noNamespaceSchemaLocation="http://www.simpleframework.net/xsd/default/simple.xsd">
	<scriptEval>single</scriptEval>
	<importPage>
		<value>/app/question/question_bar.xml</value>
	</importPage>
	<components>
		<pager name="questionListPaperAct" containerId="questionListId"
			pageItems="15" showEditPageItems="false" includeRequestData="p"
			dataPath="space_question_data.jsp" handleClass="net.itsite.question.QuestionPaperHandle">
		</pager>
	</components>
</page>