<?xml version="1.0" encoding="UTF-8"?>
<sql-script>
  <version>1.0.0</version>
  <name>remark script</name>
  <tran-sql>
    <description></description>
    <![CDATA[
      create table simple_remark (
        id bigint not null,
        parentid bigint not null,
        documentid bigint not null,
        content text not null,
        support int not null,
        opposition int not null,
        ip varchar(32),
       	createdate datetime not null,
       	userid bigint,
        lastupdate datetime,
        lastuserid bigint,
        status tinyint not null,
        mark tinyint,
        ttype tinyint,
        ttop bit,
        oorder bigint not null, 
       	primary key(id)
      );
    ]]>
  </tran-sql>
</sql-script>
