<?xml version="1.0" encoding="UTF-8"?>
<page xmlns:xsi="http://www.w3.org/2001/XMLSchema-instance"
	xsi:noNamespaceSchemaLocation="/xsd/default/simple.xsd">
	<importPage>
		<value>user_nav_tooltip.xml</value>
	</importPage>

	<components>
		<ajaxRequest name="ajaxSpaceUserAttention">
			<urlForward>space_user_attention.jsp</urlForward>
		</ajaxRequest>
		<window name="windowSpaceUserAttention" contentRef="ajaxSpaceUserAttention"
			title="#(space_user_layout.5)" width="520" height="380">
		</window>
	</components>
</page>