<?xml version="1.0" encoding="UTF-8"?>
<page xmlns:xsi="http://www.w3.org/2001/XMLSchema-instance"
	xsi:noNamespaceSchemaLocation="/xsd/default/simple.xsd">
	<scriptEval>single</scriptEval>
	<components>
		<ajaxRequest name="ajaxSpaceLogRemarkSave" handleClass="net.simpleframework.my.space.SapceAction"
			handleMethod="logRemarkSave" jobExecute="${net.simpleframework.organization.IJob.sj_account_normal}">
			<jsCompleteCallback>
				if (json["result"]) {
					var f = $Actions["ajaxSpaceLogRemarkSave"].selector;
					f.down("textarea").clear();
					$Actions["ajaxSpaceLogRemarkPage"]();
				}
			</jsCompleteCallback>
		</ajaxRequest>

		<ajaxRequest name="ajaxSpaceLogRemarkDelete" handleClass="net.simpleframework.my.space.SapceAction"
			handleMethod="logRemarkDelete" confirmMessage="#(Confirm.Delete)"
			jobExecute="${net.simpleframework.organization.IJob.sj_account_normal}">
			<jsCompleteCallback>
				if (json["result"]) {
					$Actions["ajaxSpaceLogRemarkPage"]();
				}
			</jsCompleteCallback>
		</ajaxRequest>
	</components>
</page>