<?xml version="1.0" encoding="UTF-8"?>
<page xmlns:xsi="http://www.w3.org/2001/XMLSchema-instance"
	xsi:noNamespaceSchemaLocation="http://www.simpleframework.net/xsd/default/simple.xsd">

	<components>
		<ajaxRequest name="ajaxSentMessageOK" confirmMessage="确定发送消息吗？"
			selector="#__sent_mail_form" handleClass="net.simpleframework.my.message.MessageAction"
			handleMethod="sentNotification">
			<jsCompleteCallback>
				$Actions["userSentMessageWindow"].close();
			</jsCompleteCallback>
		</ajaxRequest>

		<htmlEditor name="sentMessageHtmlEditor" textarea="textareaSentMessageHtmlEditor"
			toolbar="Simple" height="240">
		</htmlEditor>

		<validation name="validationSentMessage" triggerSelector="#buttonSentMessage">
			<validator selector="#sentMessageTopic" method="required"
				warnType="insertAfter" />
			<validator selector="#textareaSentMessageHtmlEditor"
				method="required" />
		</validation>
	</components>
</page>