<?xml version="1.0" encoding="UTF-8"?>
<page xmlns:xsi="http://www.w3.org/2001/XMLSchema-instance"
	xsi:noNamespaceSchemaLocation="/xsd/default/simple.xsd">
	<handleClass>
		net.simpleframework.content.component.topicpager.TopicEditPageLoad
	</handleClass>
	<handleMethod>topicReply</handleMethod>

	<components>
		<ajaxRequest name="ajaxReplyTopicSave"
			handleClass="net.simpleframework.content.component.topicpager.PostsAction"
			handleMethod="replyTopic">
			<jsCompleteCallback>
				<![CDATA[
					Validation.clearInsert("textTopicEditorValidateCode");
          if (json["validateCode"]) {
            Validation.insertAfter("textTopicEditorValidateCode", json["validateCode"]);
          } else {
						$Actions["topicPagerReplyWindow"].close();
						$Actions["__pager_postsId"].refresh();
					}
				]]>
			</jsCompleteCallback>
		</ajaxRequest>
	</components>
</page>