<?xml version="1.0" encoding="UTF-8"?>
<page xmlns:xsi="http://www.w3.org/2001/XMLSchema-instance"
	xsi:noNamespaceSchemaLocation="/xsd/default/simple.xsd">
	<handleClass>
		net.simpleframework.content.component.topicpager.TopicEditPageLoad
	</handleClass>
	<handleMethod>topicEdit</handleMethod>

	<components>
		<ajaxRequest name="ajaxSaveTopic"
			handleClass="net.simpleframework.content.component.topicpager.TopicPagerAction"
			handleMethod="saveTopic">
			<jsCompleteCallback>
				<![CDATA[
					Validation.clearInsert("textTopicEditorValidateCode");
          if (json["validateCode"]) {
            Validation.insertAfter("textTopicEditorValidateCode", json["validateCode"]);
          } else {
						$Actions["topicPagerWindow"].close();
						$eval(json["jsCallback"]);
					}
				]]>		
			</jsCompleteCallback>
		</ajaxRequest>
	</components>
</page>
