<?xml version="1.0" encoding="UTF-8"?>
<page xmlns:xsi="http://www.w3.org/2001/XMLSchema-instance"
	xsi:noNamespaceSchemaLocation="http://www.simpleframework.net/xsd/default/simple.xsd">
	<scriptEval>single</scriptEval>
	<scriptInit>
		import net.simpleframework.content.blog.BlogUtils;
	</scriptInit>
	<importPage>
		<value>/simple/template/c2.xml</value>
		<value>${BlogUtils.deployPath}jsp/blog_view_c.xml</value>
	</importPage>
	<handleClass>net.simpleos.backend.template.TemplatePageHandle</handleClass>
	<components>
		<ajaxRequest name="hotPageletLoadV" updateContainerId="hot_tabs"
			showLoading="false" runImmediately="false">
			<urlForward>blog_pagelet.jsp</urlForward>
		</ajaxRequest>
		<ajaxRequest name="commentsPageletLoadV"
			updateContainerId="comments_tabs" showLoading="false" runImmediately="false">
			<urlForward>blog_pagelet.jsp</urlForward>
		</ajaxRequest>
	</components>
</page>