<?xml version="1.0" encoding="UTF-8"?>
<page xmlns:xsi="http://www.w3.org/2001/XMLSchema-instance"
	xsi:noNamespaceSchemaLocation="http://www.simpleframework.net/xsd/default/simple.xsd">
	<scriptEval>single</scriptEval>
	<scriptInit>
		import net.simpleframework.content.bbs.BbsUtils;
	</scriptInit>
	<importPage>
		<value>${BbsUtils.deployPath}jsp/bbs_forum_view.xml</value>
	</importPage>
	<title>${BbsUtils.applicationModule.getApplicationTitle()}</title>
	<handleClass>net.simpleos.backend.template.TemplatePageHandle</handleClass>
	<components>
		<ajaxRequest name="hotPageletLoad" updateContainerId="hot_tabs"
			showLoading="false" runImmediately="false">
			<urlForward>bbs_pagelet.jsp</urlForward>
		</ajaxRequest>
		<ajaxRequest name="commentsPageletLoad" updateContainerId="comments_tabs"
			showLoading="false" runImmediately="false">
			<urlForward>bbs_pagelet.jsp</urlForward>
		</ajaxRequest>
	</components>
</page>