<?xml version="1.0" encoding="UTF-8"?>
<page xmlns:xsi="http://www.w3.org/2001/XMLSchema-instance"
	xsi:noNamespaceSchemaLocation="http://www.simpleframework.net/xsd/default/simple.xsd">
	<scriptEval>single</scriptEval>
	<scriptInit>
    import net.simpleframework.my.home.MyHomeUtils;
  </scriptInit>
	<importPage>
		<value>/simple/template/c1.xml</value>
		<value>${MyHomeUtils.deployPath}jsp/my_home.xml</value>
	</importPage>
	<handleClass>
		net.simpleframework.my.home.MyHomePageLoad
	</handleClass>
	<jobView>${net.simpleframework.organization.IJob.sj_account_normal}</jobView>
</page>