<?xml version="1.0" encoding="utf-8"?>
<!DOCTYPE urlrewrite PUBLIC "-//tuckey.org//DTD UrlRewrite 3.2//EN"
        "urlrewrite3.2.dtd">
<urlrewrite>
	<!-- 数据库初始化界面 -->
	<rule>
		<from>/db.html</from>
		<to>/db_config.jsp</to>
	</rule>
	<!-- app -->
	<rule>
		<from>/c/(.*).html</from>
		<to>/app/custom/custom.jsp?menu=$1</to>
	</rule>
	<rule>
		<from>/(space|attention)/(\d+).html</from>
		<to>/app/$1/$1.jsp?userid=$2</to>
	</rule>
	<!-- 前台基本页面配置 -->
	<rule>
		<from>/(space|links|about|contact|mymessage|myfavorite).html</from>
		<to>/app/$1/$1.jsp</to>
	</rule>
	<!-- 后台管理配置 -->
	<rule>
		<from>/manager/(function|site|company|remark|template|desktop|home|message|ad).html</from>
		<to>/simpleos/module/backend/$1/$1.jsp</to>
	</rule>
	<rule>
		<from>/manager/user.html</from>
		<to>/simpleos/module/backend/manager/user.jsp</to>
	</rule>
	<rule>
		<from>/manager/file.html</from>
		<to>/simpleos/module/backend/manager/file.jsp</to>
	</rule>
	<rule>
		<from>/manager/job.html</from>
		<to>/simpleos/module/backend/manager/job.jsp</to>
	</rule>
	<rule>
		<from>/manager/dict.html</from>
		<to>/simpleos/module/backend/manager/dict.jsp</to>
	</rule>
	<!-- 找回密码 -->
	<rule>
		<from>/findpass.html</from>
		<to>/simpleos/module/backend/user/findpass.jsp</to>
	</rule>
	<rule>
		<from>/morespace.html</from>
		<to>/app/space/morespace.jsp</to>
	</rule>
</urlrewrite>

