<?xml version="1.0" encoding="UTF-8"?>
<sql-script>
	<version>1.0.0</version>
	<name>script</name>
	<description>database script.</description>
	<tran-sql>
		<description></description>
    <![CDATA[
    	create table simple_sys_dict (
    		id bigint not null,
        parentid bigint not null default 0,
        documentid bigint not null default 0,
        name varchar(32) not null,
        text varchar(32) not null, 
        description varchar(256),
        createdate datetime not null,
        status tinyint not null,
        mark tinyint,
        buildIn tinyint(1),
        oorder bigint not null,
        extend1 bigint,
        extend2 bigint,
        extend3 varchar(128), 
        extend4 varchar(128),
        primary key(id),
        unique (documentid, name),
        unique (parentid, text)
      );
    ]]>
	</tran-sql>
</sql-script>
