<?xml version="1.0" encoding="UTF-8"?>
<sql-script>
	<version>1.0.0</version>
	<name>simple_user_ext</name>
		<tran-sql>
		<description>simple_dialog</description>
		<![CDATA[
  CREATE TABLE `simple_dialog` (
  `id` bigint(20) NOT NULL,
  `sentId` bigint(20) NOT NULL,
  `toId` bigint(20) NOT NULL,
  `createdate` datetime NOT NULL,
  `lastdate` datetime NOT NULL,
  PRIMARY KEY  (`id`)
)
    ]]>
	</tran-sql>
		<tran-sql>
		<description>simple_dialog_item</description>
		<![CDATA[
  CREATE TABLE `simple_dialog_item` (
  `id` bigint(20) NOT NULL,
  `dialogId` bigint(20) NOT NULL,
  `sentdate` datetime NOT NULL,
  `content` text,
  PRIMARY KEY  (`id`)
)
    ]]>
	</tran-sql>
	<tran-sql>
		<description>功能菜单权限</description>
		<![CDATA[
			CREATE TABLE `simpleos_platform_permission` (
			  `id` int(11) default NULL,
			  `job_id` int(11) default NULL,
			  `job_name` varchar(128) default NULL,
			  `menu_name` varchar(128) default NULL
			)
		]]>
	</tran-sql>
	<tran-sql>
		<description>添加角色</description>
		<![CDATA[
			insert into simple_chart values(1,0,'sys_my','自定义视图','','1')
		]]>
	</tran-sql>
</sql-script>
