<?xml version="1.0" encoding="UTF-8"?>
<page xmlns:xsi="http://www.w3.org/2001/XMLSchema-instance"
	xsi:noNamespaceSchemaLocation="/xsd/default/simple.xsd">
	<handleClass>
		net.simpleframework.workflow.web.component.modellist.ModelListPageLoad
	</handleClass>
	<handleMethod>optLoad</handleMethod>
	
	<components>
		<ajaxRequest name="model_opt_save"
			handleClass="net.simpleframework.workflow.web.component.modellist.ModelListAction"
			handleMethod="optSave" selector=".mo_edit">
			<jsCompleteCallback>
        if (json["models"]) {
        	$Actions[json["models"]].refresh();   
        }
        $Actions["ml_opt_window"].close();
      </jsCompleteCallback>
		</ajaxRequest>
	</components>
</page>