<?xml version="1.0" encoding="UTF-8"?>
<page xmlns:xsi="http://www.w3.org/2001/XMLSchema-instance"
	xsi:noNamespaceSchemaLocation="/xsd/default/simple.xsd">
	<importPage>
		<value>friends_utils.xml</value>
	</importPage>

	<components>
		<pager name="idMyFriendsSearchPager" containerId="idMyFriendsSearchPager"
			handleClass="net.simpleframework.my.friends.FriendsPagerHandle" dataPath="my_friends_search_pager.jsp"
			pageItems="20" runImmediately="false" 
			selector=".my_friends_search_form">
		</pager>

		<validation name="friendsSearchValidation" triggerSelector="#fs_okbtn">
			<validator selector="#fs_birthday_s, #fs_birthday_e" method="int_range" args="1,200" />
			<validator selector="#fs_birthday_e" method="great_than" args="#fs_birthday_s" />
		</validation>
	</components>
</page>