<?xml version="1.0" encoding="UTF-8"?>
<page xmlns:xsi="http://www.w3.org/2001/XMLSchema-instance"
	xsi:noNamespaceSchemaLocation="../xsd/default/simple.xsd">
	<components>
		<ajaxRequest name="ajaxUserTabs0"
			handleClass="net.simpleframework.organization.component.userpager.UserPagerAction"
			handleMethod="tabUrl" parameters="tp=ue/user_edit_base.jsp" />
		<ajaxRequest name="ajaxUserTabs1"
			handleClass="net.simpleframework.organization.component.userpager.UserPagerAction"
			handleMethod="tabUrl" parameters="tp=ue/user_edit_pwd.jsp" />
		<ajaxRequest name="ajaxUserTabs2"
			handleClass="net.simpleframework.organization.component.userpager.UserPagerAction"
			handleMethod="tabUrl" parameters="tp=ue/user_edit_photo.jsp" />
		<ajaxRequest name="ajaxUserTabs3"
			handleClass="net.simpleframework.organization.component.userpager.UserPagerAction"
			handleMethod="tabUrl" parameters="tp=ua/user_account_stat.jsp" />
		<ajaxRequest name="ajaxUserTabs4"
			handleClass="net.simpleframework.organization.component.userpager.UserPagerAction"
			handleMethod="tabUrl" parameters="tp=ue/user_edit_ext.jsp" />
		<ajaxRequest name="ajaxUserTabs5"
			handleClass="net.simpleframework.organization.component.userpager.UserPagerAction"
			handleMethod="tabUrl" parameters="tp=ue/user_edit_ext_job.jsp" />
		<ajaxRequest name="ajaxUserTabs6"
			handleClass="net.simpleframework.organization.component.userpager.UserPagerAction"
			handleMethod="tabUrl" parameters="tp=ue/user_edit_space.jsp" />
		<ajaxRequest name="ajaxUserTabs7"
			handleClass="net.simpleframework.organization.component.userpager.UserPagerAction"
			handleMethod="tabUrl" parameters="tp=ue/user_edit_attr.jsp" />
		<tabs name="userTabs" containerId="__user_edit"
			handleClass="net.simpleframework.organization.component.userpager.UserTabsHandle">
			<tab title="高级设置" contentRef="ajaxUserTabs7" cache="true" />
			<tab title="#(user_edit.0)" contentRef="ajaxUserTabs0" cache="true" />
			<tab title="职业信息" contentRef="ajaxUserTabs5" cache="true" />
			<tab title="订阅设置" contentRef="ajaxUserTabs4" cache="true" />
			<tab title="空间设置" contentRef="ajaxUserTabs6" cache="true" />
			<tab title="#(user_edit.1)" contentRef="ajaxUserTabs1" cache="true" />
			<tab title="#(user_edit.2)" contentRef="ajaxUserTabs2" cache="true" />
			<tab title="#(user_edit.3)" contentRef="ajaxUserTabs3" cache="true" />
		</tabs>
	</components>
</page>