<?xml version="1.0" encoding="UTF-8"?>
<page xmlns:xsi="http://www.w3.org/2001/XMLSchema-instance"
	xsi:noNamespaceSchemaLocation="http://www.simpleframework.net/xsd/default/simple.xsd">
	<handleClass>
		net.simpleframework.organization.component.userpager.UserEditPageLoad
	</handleClass>
	<handleMethod>userSpaceLoaded</handleMethod>
	<components>
		<propEditor name="_userspace_0" containerId="_userspace_0"
			handleClass="net.itsite.user.UserSpacePropEditorHandle" titleToggle="false"
			width="100%">
			<field label="选择皮肤" labelStyle="width:80px;">
				<component type="select" name="user_space_skin">
					<event name="change">
						<![CDATA[
						var t =  this.value;
						$('user_space_skin_show').innerHTML="<img height='450' width='500' src='/$resource/default/userPager/jsp/ue/images/"+t+".png' alt='"+t+"'/>";
				]]>
					</event>
				</component>
			</field>
			<field label="样式预览" labelStyle="width:80px;vertical-align:top;">
				<component type="div" name="user_space_skin_show" />
			</field>
		</propEditor>

		<ajaxRequest name="ajaxEditUserSpace" selector="#_userext_space_form"
			handleClass="net.simpleframework.organization.component.userpager.UserUtilsAction"
			handleMethod="editUserSpace" confirmMessage="#(Confirm.Post)">
			<jsCompleteCallback>
				alert($MessageConst['SaveOK']);
				__user_pager_refresh();
				document.location.reload();
     		 </jsCompleteCallback>
		</ajaxRequest>

	</components>
</page>