<?xml version="1.0" encoding="UTF-8"?>
<page xmlns:xsi="http://www.w3.org/2001/XMLSchema-instance"
	xsi:noNamespaceSchemaLocation="http://www.simpleframework.net/xsd/default/simple.xsd">
	<handleClass>
		net.simpleframework.organization.component.userpager.UserEditPageLoad
	</handleClass>
	<handleMethod>userExtJobLoaded</handleMethod>
	<components>
		<tree name="schoolCatalogTreeAct" dynamicLoading="true" cookies="true"
			handleClass="net.itsite.user.SchoolCatalogTreeHandle" />
		<dictionary name="schoolCatalogDictAct" bindingId="user_ext_school" width="350" height="420"
			bindingText="user_ext_school_text" title="选择学校" selector="false">
			<tree ref="schoolCatalogTreeAct" />
		</dictionary>
		<propEditor name="_userextjob_0" containerId="_userextjob_0"
			handleClass="net.itsite.user.ExtUserPropEditorHandle" title="基本信息"
			titleToggle="true" width="100%">
			<field label="工作年限" labelStyle="width:80px;">
				<component type="select" name="user_ext_experience" />
			</field>
			<field label="工作状态" labelStyle="width:80px;">
				<component type="select" name="user_ext_jobState" />
			</field>
			<field label="职位状态" labelStyle="width:80px;">
				<component type="select" name="user_ext_profession" />
			</field>
			<field label="工作单位" labelStyle="width:80px;">
				<component type="text" name="user_ext_company" />
			</field>
			<field label="学校名称" labelStyle="width:80px;">
				<component type="text" style="display:none;" name="user_ext_school"></component>
				<component type="textButton" name="user_ext_school_text"
					attributes="readonly">
					<event name="click">
						$Actions['schoolCatalogDictAct']();
				</event>
				</component>
			</field>
		</propEditor>
		<propEditor name="_userextjob_1" containerId="_userextjob_1"
			handleClass="net.itsite.user.ExtUserPropEditorHandle" title="开发平台"
			titleToggle="true" width="100%">
			<field label="开发平台" labelStyle="width:1px;display:none;">
				<component type="div" name="user_ext_language1" />
			</field>
		</propEditor>
		<propEditor name="_userextjob_2" containerId="_userextjob_2"
			handleClass="net.itsite.user.ExtUserPropEditorHandle" title="擅长领域"
			titleToggle="true" width="100%">
			<field label="擅长领域" labelStyle="width:1px;display:none;">
				<component type="div" name="user_ext_professional1" />
			</field>
		</propEditor>
		<ajaxRequest name="ajaxEditUserExtJob" selector="#_userextjob_form"
			handleClass="net.simpleframework.organization.component.userpager.UserUtilsAction"
			handleMethod="editUserExtJob" confirmMessage="#(Confirm.Post)">
			<jsCompleteCallback>
				alert($MessageConst['SaveOK']);
				__user_pager_refresh();
     		 </jsCompleteCallback>
		</ajaxRequest>
	</components>
</page>