<?xml version="1.0" encoding="UTF-8"?>
<page xmlns:xsi="http://www.w3.org/2001/XMLSchema-instance"
	xsi:noNamespaceSchemaLocation="http://www.simpleframework.net/xsd/default/simple.xsd">
	<handleClass>
		net.simpleframework.organization.component.userpager.UserEditPageLoad
	</handleClass>
	<handleMethod>userAttrLoaded</handleMethod>
	<components>
		<propEditor name="_userattr_0" containerId="_userattr_0"
			titleToggle="false" width="100%">
			<field label="积分" labelStyle="width:80px;">
				<component type="text" name="user_points" />
			</field>
		</propEditor>


		<ajaxRequest name="ajaxEditUserAttr" selector="#_userattr_form"
			handleClass="net.simpleframework.organization.component.userpager.UserUtilsAction"
			handleMethod="editUserAttr" confirmMessage="#(Confirm.Post)">
			<jsCompleteCallback>
				alert($MessageConst['SaveOK']);
				__user_pager_refresh();
      </jsCompleteCallback>
		</ajaxRequest>

		<validation name="userValidation" triggerSelector="#_userattr_save"
			warnType="insertAfter">
			<validator selector="#user_points" method="required" />
			<validator selector="#user_points" method="number" />
		</validation>
	</components>
</page>