<?xml version="1.0" encoding="UTF-8"?>
<page xmlns:xsi="http://www.w3.org/2001/XMLSchema-instance"
	xsi:noNamespaceSchemaLocation="http://www.simpleframework.net/xsd/default/simple.xsd">
	<handleClass>
		net.simpleframework.organization.component.userpager.UserEditPageLoad
	</handleClass>
	<handleMethod>userExtLoaded</handleMethod>

	<components>
		<propEditor name="_userext_0" containerId="_userext_0"
			titleToggle="false" width="100%">
			<field label="每周回顾" labelStyle="width:80px;">
				<component type="checkbox" name="user_review" defaultValue="true"/>
			</field>
		</propEditor>

		<ajaxRequest name="ajaxEditUserExt" selector="#_userext_form"
			handleClass="net.simpleframework.organization.component.userpager.UserUtilsAction"
			handleMethod="editUserExt" confirmMessage="#(Confirm.Post)">
			<jsCompleteCallback>
				alert($MessageConst['SaveOK']);
				__user_pager_refresh();
     		 </jsCompleteCallback>
		</ajaxRequest>

	</components>
</page>