<?xml version="1.0" encoding="UTF-8"?>
<page xmlns:xsi="http://www.w3.org/2001/XMLSchema-instance"
	xsi:noNamespaceSchemaLocation="http://www.simpleframework.net/xsd/default/simple.xsd">
	<scriptEval>single</scriptEval>
	<scriptInit>
		<![CDATA[
		import net.simpleframework.my.space.MySpaceUtils;
		]]>
	</scriptInit>
	<importCSS>
		<value>
			${MySpaceUtils.getCssPath(pageParameter)}/space.css
		</value>
	</importCSS>
	<components>
		<ajaxRequest name="myDialogLogAjax">
			<urlForward>my_dialog_log.jsp</urlForward>
		</ajaxRequest>
		<window name="myDialogLogWindow" width="700" height="540"
			title="对话记录" resizable="false" contentRef="myDialogLogAjax">
		</window>

		<dictionary name="smileyDialogDict" bindingId="dialog_editor">
			<smiley />
		</dictionary>
		<ajaxRequest name="dialogMsgDataAct" updateContainerId="dialog_msg_data"
			showLoading="false">
			<urlForward>my_dialog_data.jsp</urlForward>
		</ajaxRequest>
		<ajaxRequest name="dialogSaveAct" selector=".dialog_content"
			handleClass="net.simpleframework.my.dialog.DialogAction"
			handleMethod="dialogSave">
			<jsCompleteCallback>
				<![CDATA[
					if(json['rs']){
						var data = $('dialog_msg_data_id');
						data.innerHTML = json['rs'] + data.innerHTML;
						$('dialog_editor').value = '';
					}
				]]>
			</jsCompleteCallback>
		</ajaxRequest>
		<validation name="validationDialogLog" triggerSelector=".dialog_content .btn"
			warnType="alert">
			<validator selector="#dialog_editor" method="required" />
			<validator selector="#dialog_editor" method="max_length"
				args="500" />
		</validation>
	</components>
</page>