<?xml version="1.0" encoding="UTF-8"?>
<page xmlns:xsi="http://www.w3.org/2001/XMLSchema-instance"
	xsi:noNamespaceSchemaLocation="http://www.simpleframework.net/xsd/default/simple.xsd">

	<components>
		<ajaxRequest name="saveOpenapiAct" selector=".openapi_return .attri"
			handleClass="net.itsite.openapi.OpenapiActionHandle" handleMethod="saveOpenapi">
			<jsCompleteCallback>
				if (json["url"]){
					var arr = json['url'].split(':');
					if(arr.length==1){
						$Actions.loc('/index.html');
					}else if(arr[0]=='user'){
						Validation.insertAfter("oa_name",arr[1]); 
					}else if(arr[0]=='email'){
						Validation.insertAfter("oa_email",arr[1]); 
					}
				}
				else 
					alert("登录失败！");	
			</jsCompleteCallback>
		</ajaxRequest>

		<validation name="openIdValidation" triggerSelector="#oa_submit"
			warnType="insertAfter">
			<validator selector="#oa_password" method="required" />
			<validator selector="#oa_name" method="min_length" args="4" />
			<validator selector="#oa_text" method="min_length" args="2" />
		</validation>
	</components>
</page>