<?xml version="1.0" encoding="UTF-8"?>
<page xmlns:xsi="http://www.w3.org/2001/XMLSchema-instance"
	xsi:noNamespaceSchemaLocation="http://www.simpleframework.net/xsd/default/simple.xsd">
	<importCSS>
		<value>open.css</value>
	</importCSS>
	<components>
		<ajaxRequest name="ajaxOpenidAction"
			handleClass="net.simpleframework.applets.openid.OpenIDAction"
			handleMethod="op">
			<jsCompleteCallback>
				if (json["url"])
					$Actions.loc(json["url"]);
			</jsCompleteCallback>
		</ajaxRequest>
	</components>
</page>