<?xml version="1.0" encoding="UTF-8"?>
<page xmlns:xsi="http://www.w3.org/2001/XMLSchema-instance"
	xsi:noNamespaceSchemaLocation="/xsd/default/simple.xsd">
	<components>
		<myFileSelect name="__topic_myfileSelect" bindingText="tp_content"
			destroyOnClose="true">
		</myFileSelect>
    
    <syntaxHighlighter name="__topic_syntaxHighlighter">
      <jsSelectedCallback>
        $Actions.setValue('tp_content', script, true);
        return true;
      </jsSelectedCallback> 
    </syntaxHighlighter>
	</components>
</page>