<?xml version="1.0" encoding="UTF-8"?>
<sql-script>
  <version>1.0.0</version>
  <name>vote script</name>
  <tran-sql>
    <description></description>
    <![CDATA[
      create table simple_vote (
        id bigint not null,
        documentid bigint not null,
       	text varchar(80),
       	description varchar(256),
        expireddate date,
        createdate datetime not null,
        userid bigint,
        lastupdate datetime,
        lastuserid bigint,
        status tinyint not null,
        oorder bigint not null,
        primary key(id)
      );
    ]]>
  </tran-sql>
  <tran-sql>
    <description></description>
    <![CDATA[
      create table simple_vote_group (
        id bigint not null,
        voteid bigint not null,
        text varchar(80) not null,
        multiple tinyint,
        primary key(id)
      );
    ]]>
  </tran-sql>
  <tran-sql>
    <description></description>
    <![CDATA[
      create table simple_vote_item (
        id bigint not null,
        groupid bigint not null,
        text varchar(80) not null,
        primary key(id)
      );
    ]]>
  </tran-sql>
  <tran-sql>
    <description></description>
    <![CDATA[
      create table simple_vote_result (
        id bigint not null,
        itemid bigint not null,
        createdate datetime not null,
        userid bigint,
        ip varchar(24) not null,
        primary key(id)
      );
    ]]>
  </tran-sql>
</sql-script>
